 ,No,Help_ID,Req_NIC,Running_NIC,Inquiry_Date,Institution_Category,Reason,Credit_Facility_Type,Currency,Amount
192933,1,CRIB_0450991,198233404686,198233404686,2024-02-18,Finance Companies,Monitoring And Reviewing Of An Existing Borrower,,LKR,0
192934,2,CRIB_0450991,198233404686,198233404686,2024-02-03,Finance Companies,Monitoring And Reviewing Of An Existing Borrower,,LKR,0
192935,3,CRIB_0450991,198233404686,198233404686,2024-01-26,License Commercialized Banks,Monitoring And Reviewing Of An Existing Borrower,,LKR,0
192936,4,CRIB_0450991,198233404686,198233404686,2023-12-15,License Commercialized Banks,Review As A Director For A New Credit Facility,,LKR,0
192937,1,CRIB_0450991,198233404686,823344686V,2024-02-18,Finance Companies,Monitoring And Reviewing Of An Existing Borrower,,LKR,0
192938,2,CRIB_0450991,198233404686,823344686V,2024-02-03,Finance Companies,Monitoring And Reviewing Of An Existing Borrower,,LKR,0
