ID,HELP_ID,REQ_NIC,RUNNING_NIC,CURRENCY,OWNERSHIP,YEAR_1_TOT_NO_CRED_FAC,YEAR_1_TOT_AMOUNT_GRANTED,YEAR_2_TOT_NO_CRED_FAC,YEAR_2_TOT_AMOUNT_GRANTED,YEAR_3_TOT_NO_CRED_FAC,YEAR_3_TOT_AMOUNT_GRANTED,YEAR_4_TOT_NO_CRED_FAC,YEAR_4_TOT_AMOUNT_GRANTED,YEAR_5_TOT_NO_CRED_FAC,YEAR_5_TOT_AMOUNT_GRANTED
306036,CRIB_0450991,198233404686,198233404686,LKR,As Borrower,1,3000000,0,0,1,2250000,0,0,0,0
306037,CRIB_0450991,198233404686,198233404686,LKR,As Guarantor,1,2000000,0,0,0,0,0,0,0,0
306038,CRIB_0450991,198233404686,823344686V,LKR,As Borrower,1,1200000,0,0,0,0,4,2394000,1,2394000
306039,CRIB_0450991,198233404686,823344686V,LKR,As Guarantor,3,9500000,1,1000000,0,0,0,0,1,0
